{"x": [-0.820386349463838, -51.78170874317336, -56.78910714476901, -47.48935901141106, -38.90498373079658, -32.46670782284015, -28.174531289933874, -26.743821561842086, -28.17458390273889, -32.46682356724005, -38.9051719625183, -47.48962908618154, -56.78944938918293, -66.08925041323816, -73.95828958455108, -81.11193542136758, -85.40407868146302, -86.83473497482845, -85.40391919913826, -81.1116462568834, -73.95793175818811, -66.08887456193165, -56.78910714476901, -56.78892397031217, -47.48920381805214, -38.9048565909812, -32.46660310113309, -28.174440412890995, -26.743735299770787, -28.174491830224326, -32.466717468232666, -38.90504647486985, -47.48947590975535, -56.789263806364374, -66.0890372442709, -74.6734184731524, -81.11167035398834, -85.40379958707403, -86.83445488979717, -85.40364372851738, -81.11138463041652, -74.6730540145445, -66.0886585860869, -56.78892397031217, -26.7437341647405, -17.443982558468868, -8.85959707655952, -2.421304056774483, 1.8708968091589728, 3.301634165478056, 1.8709003028535167, -2.4213125860114006, -8.859639941466781, -17.44408176349879, -26.74389420323225, -36.04369756278776, -44.62811668435921, -51.066409989115115, -55.3585774770282, -56.78926139619136, -55.35847410115092, -51.06623010424115, -44.62790076361124, -36.043492581170284, -26.7437341647405, -56.78924452497554, -47.48947389427067, -39.62044586529152, -33.18215483761538, -28.88996852608632, -26.743886258095966, -28.890022474546207, -33.182271723580605, -39.62063755736755, -47.48974396796923, -56.789586768031086, -66.0894102892233, -74.67383997381606, -81.11212819675075, -85.40428528283901, -86.83494503762923, -85.40412580114726, -81.11184247582497, -74.6734786877719, -66.08903443940855, -56.78924452497554, -86.83442909241712, -77.53468750551217, -68.9503297128934, -62.51207913763238, -58.21993029142529, -56.78924934532374, -58.22003653992741, -62.512299341571754, -68.95066623804652, -77.53513174108932, -86.83494872293407, -96.13474359287301, -104.00376600732187, -110.44201545941104, -114.73413145548442, -116.16476450176475, -114.7339220717339, -110.44162641969993, -104.00325839970628, -96.13419279129002, -86.83442909241712, -14.582618499057263, -14.582618499057263, -0.8050207492464473, -0.8050207492464473, -0.8050207492464473, -0.8050207492464473, -0.8050207492464473], "y": [-0.5407927633351317, 49.5767613863486, 80.96573729899737, 79.26898885315637, 75.02720192510347, 68.66455419732186, 60.18104152387088, 50.84918797496972, 41.51734228810656, 33.03385565656697, 26.671253906020077, 22.429541182053335, 20.732889766615752, 22.42964686480527, 26.671451822880538, 33.0341320579599, 41.51766746579741, 50.84952941115234, 60.18136670135254, 68.66483059846213, 75.02739984168849, 79.26909453569402, 80.96573729899737, 113.20303597751362, 111.93046251506418, 107.68867558659277, 100.90185287607696, 92.4183402027562, 83.08648665472833, 74.17881595067063, 65.69532931950735, 58.9085525844769, 54.66683986188597, 53.39436342835855, 54.66694554456389, 58.908755820249084, 65.69560572058026, 74.17914112817223, 83.0868280911071, 92.41866538003728, 100.90212927724126, 107.68887882247132, 111.93056819753151, 113.20303597751362, 83.51066163728535, 82.2381161307774, 77.99635500851218, 71.20955165348495, 63.15022686562726, 53.81837761832086, 44.48652762985205, 36.00302809493953, 29.640406989882255, 25.398668459558436, 23.701989087851253, 25.398718228683045, 29.640502699770586, 36.0031582608093, 44.486680766213645, 53.818538411252334, 63.15038000186978, 71.20968181937718, 77.99645071842671, 82.23816590013422, 83.51066163728535, 56.78776328868647, 55.09101484407148, 50.849230725048315, 44.48658253706831, 36.00306955551224, 26.67121396587343, 17.33937032088301, 9.280058979297397, 2.49328270636288, -1.7484328271338874, -3.445084243365475, -1.7483271445916797, 2.4934831324134112, 9.280333031129654, 17.339693456237526, 26.671555402439466, 36.003392691008095, 44.48685658898518, 50.84943115083334, 55.09112052675308, 56.78776328868647, 86.05605296945087, 84.78345154967796, 80.54163881428963, 73.754796750255, 65.27127117321737, 55.93941332431033, 47.031746920373344, 38.54827319243902, 31.761515813445797, 27.519828896164903, 26.24738042025682, 27.51999049262382, 31.761819105889167, 38.54868789833923, 47.03223590178564, 55.93992706427024, 65.27176015465439, 73.75521145593895, 80.54194210617902, 84.7836131461891, 86.05605296945087, 14.370114327340342, 14.370114327340342, -0.512072861009962, -0.512072861009962, -0.512072861009962, -0.512072861009962, -0.512072861009962], "altitude": [87.7437515258789, 87.8277587890625, 87.8277587890625, 87.8277587890625, 87.8277587890625, 87.8277587890625, 87.8277587890625, 87.8277587890625, 87.8277587890625, 87.8277587890625, 87.8277587890625, 87.8277587890625, 87.8277587890625, 87.8277587890625, 87.8277587890625, 87.8277587890625, 87.8277587890625, 87.8277587890625, 87.8277587890625, 87.8277587890625, 87.8277587890625, 87.8277587890625, 87.8277587890625, 87.8277587890625, 87.8277587890625, 87.8277587890625, 87.8277587890625, 87.8277587890625, 87.8277587890625, 87.8277587890625, 87.8277587890625, 87.8277587890625, 87.8277587890625, 87.8277587890625, 87.8277587890625, 87.8277587890625, 87.8277587890625, 87.8277587890625, 87.8277587890625, 87.8277587890625, 87.8277587890625, 87.8277587890625, 87.8277587890625, 87.8277587890625, 87.8277587890625, 87.8277587890625, 87.8277587890625, 87.8277587890625, 87.8277587890625, 87.8277587890625, 87.8277587890625, 87.8277587890625, 87.8277587890625, 87.8277587890625, 87.8277587890625, 87.8277587890625, 87.8277587890625, 87.8277587890625, 87.8277587890625, 87.8277587890625, 87.8277587890625, 87.8277587890625, 87.8277587890625, 87.8277587890625, 87.8277587890625, 87.8277587890625, 87.8277587890625, 87.8277587890625, 87.8277587890625, 87.8277587890625, 87.8277587890625, 87.8277587890625, 87.8277587890625, 87.8277587890625, 87.8277587890625, 87.8277587890625, 87.8277587890625, 87.8277587890625, 87.8277587890625, 87.8277587890625, 87.8277587890625, 87.8277587890625, 87.8277587890625, 87.8277587890625, 87.8277587890625, 87.8277587890625, 87.8277587890625, 87.8277587890625, 87.8277587890625, 87.8277587890625, 87.8277587890625, 87.8277587890625, 87.8277587890625, 87.8277587890625, 87.8277587890625, 87.8277587890625, 87.8277587890625, 87.8277587890625, 87.8277587890625, 87.8277587890625, 87.8277587890625, 87.8277587890625, 87.8277587890625, 87.8277587890625, 87.8277587890625, 87.8277587890625, 87.8277587890625, 87.8277587890625, 87.8277587890625, 87.6814956665039, 47.827754974365234, 47.827754974365234, 42.827754974365234, 42.827754974365234],