{"x": [-0.7122288939368238, -51.42540277484295, -56.43280229545969, -47.13305410161188, -38.54867866977655, -32.1104025349905, -27.818225699645946, -26.387515638873033, -27.818277647089594, -32.11051700915498, -38.548865177607176, -47.13332215005399, -56.433142392570076, -65.73294347711456, -73.6019827996475, -80.75562886329323, -85.04777242582657, -86.4784290518732, -85.04761360886376, -80.75534096904542, -73.60162669717654, -65.73256965213704, -56.43280229545969, -56.4326202702726, -47.132900072644254, -38.54855269435149, -32.110298962550445, -27.818135971868397, -26.387430526065298, -27.818186738958754, -32.110412074529776, -38.54874083921793, -47.13317012288635, -56.43295797413177, -65.73273145740619, -74.31711283750887, -80.75536496029704, -85.04749449582233, -86.47815011610653, -85.04733928750923, -80.75508049184641, -74.31675011792413, -65.73235484068388, -56.4326202702726, -26.387429406156933, -17.087677754518374, -8.503292121389062, -2.0649988596531914, 2.227202293596205, 3.6579399825962606, 2.2272064526521302, -2.065006133776556, -8.50333326240519, -17.087774933219855, -26.38758731246703, -35.68739073251084, -44.271810005301596, -50.71010353688582, -55.00227132723639, -56.43295557908061, -55.00216861672109, -50.70992490712636, -44.271595808445696, -35.687187777222384, -26.387429406156933, -56.43293881371786, -47.13316812252352, -39.264139942324334, -32.82584868781955, -28.533662073853463, -26.38757947318325, -28.533715356954627, -32.82596431867614, -39.2643299105161, -47.13343616990174, -56.43327890947842, -65.73310249115954, -74.3175323269718, -80.75582079185628, -85.04797816525947, -86.4786382527295, -85.047819348927, -80.75553632604007, -74.31717276481282, -65.73272866766573, -56.43293881371786, -86.4781244245801, -77.17838279230618, -68.59402484846541, -62.155774031251816, -57.86362488260559, -56.43294360382234, -57.86373048086731, -62.15599298007594, -68.59435963460326, -77.17882498643033, -86.47864192291254, -95.77843683822006, -103.64745940388995, -110.085709097931, -114.37782539644321, -115.80845876028341, -114.37761666293359, -110.0853213133361, -103.64695353529058, -95.77788807809061, -86.4781244245801, -14.226311275612119, -14.226311275612119, -0.7486689091689072, -0.7486689091689072, -0.7486689091689072, -0.7486689091689072], "y": [-1.657852052345665, 49.643476502917785, 81.0324522366114, 79.33570412286053, 75.09391750037294, 68.7312700021188, 60.24775748180388, 50.91590398383007, 41.58405824603952, 33.10057146207164, 26.73796948093732, 22.496256451406957, 20.79960470423472, 22.496361471042846, 26.738166148309887, 33.10084612875148, 41.58438138345172, 50.91624327787763, 60.24808061935742, 68.73154466889461, 75.09411416746511, 79.33580914263273, 81.0324522366114, 113.26975091583476, 111.9971777844153, 107.75539116186346, 100.96856868122902, 92.48505616069059, 83.15320266358974, 74.24553190860404, 65.7620451246579, 58.97526815974643, 54.7335551308835, 53.46107836597409, 54.73366015044362, 58.975470120917336, 65.7623197910131, 74.24585504617518, 83.15354195782776, 92.48537929803818, 100.9688433476706, 107.75559312278199, 111.99728280411536, 113.26975091583476, 83.5773776457931, 82.30483247137542, 78.06307165538263, 71.27626852952875, 63.21694389480646, 53.885094698780264, 44.55324465902949, 36.06974497098045, 29.707123636396002, 25.46538480015429, 23.768705097065716, 25.46543390651604, 29.70721807133188, 36.06987340284324, 44.55339575475735, 53.885253349221514, 63.21709499076579, 71.27639696105534, 78.06316609033966, 82.3048815776126, 83.5773776457931, 56.854478226655424, 55.157730113422666, 50.91594627485429, 44.55329831640157, 36.06978548833525, 26.737929974380464, 17.406086253353124, 9.346774758986175, 2.559998256879646, -1.6817175577773347, -3.3783693057428508, -1.6816125379961917, 2.560197433444777, 9.347047102279703, 17.406407374250374, 26.738269268815685, 36.07010660901711, 44.55357065942112, 50.91614545114897, 55.15783513298643, 56.854478226655424, 86.12276683581753, 84.85016574813486, 80.60835331866583, 73.82151148451287, 65.33798606025827, 56.00612826192568, 47.098461807061994, 38.61498792634639, 31.828230317473647, 27.586543094275807, 26.314094286986798, 27.586704027972374, 31.828532360075503, 38.615400923350876, 47.098948773659366, 56.00663988521432, 65.33847302652369, 73.82192448129615, 80.60865536106236, 84.85032668117317, 86.12276683581753, 14.436830770144667, 14.436830770144667, -1.5877085920403469, -1.5877085920403469, -1.5877085920403469, -1.5877085920403469], "altitude": [84.96133422851562, 84.83775329589844, 84.83775329589844, 84.83775329589844, 84.83775329589844, 84.83775329589844, 84.83775329589844, 84.83775329589844, 84.83775329589844, 84.83775329589844, 84.83775329589844, 84.83775329589844, 84.83775329589844, 84.83775329589844, 84.83775329589844, 84.83775329589844, 84.83775329589844, 84.83775329589844, 84.83775329589844, 84.83775329589844, 84.83775329589844, 84.83775329589844, 84.83775329589844, 84.83775329589844, 84.83775329589844, 84.83775329589844, 84.83775329589844, 84.83775329589844, 84.83775329589844, 84.83775329589844, 84.83775329589844, 84.83775329589844, 84.83775329589844, 84.83775329589844, 84.83775329589844, 84.83775329589844, 84.83775329589844, 84.83775329589844, 84.83775329589844, 84.83775329589844, 84.83775329589844, 84.83775329589844, 84.83775329589844, 84.83775329589844, 84.83775329589844, 84.83775329589844, 84.83775329589844, 84.83775329589844, 84.83775329589844, 84.83775329589844, 84.83775329589844, 84.83775329589844, 84.83775329589844, 84.83775329589844, 84.83775329589844, 84.83775329589844, 84.83775329589844, 84.83775329589844, 84.83775329589844, 84.83775329589844, 84.83775329589844, 84.83775329589844, 84.83775329589844, 84.83775329589844, 84.83775329589844, 84.83775329589844, 84.83775329589844, 84.83775329589844, 84.83775329589844, 84.83775329589844, 84.83775329589844, 84.83775329589844, 84.83775329589844, 84.83775329589844, 84.83775329589844, 84.83775329589844, 84.83775329589844, 84.83775329589844, 84.83775329589844, 84.83775329589844, 84.83775329589844, 84.83775329589844, 84.83775329589844, 84.83775329589844, 84.83775329589844, 84.83775329589844, 84.83775329589844, 84.83775329589844, 84.83775329589844, 84.83775329589844, 84.83775329589844, 84.83775329589844, 84.83775329589844, 84.83775329589844, 84.83775329589844, 84.83775329589844, 84.83775329589844, 84.83775329589844, 84.83775329589844, 84.83775329589844, 84.83775329589844, 84.83775329589844, 84.83775329589844, 84.83775329589844, 84.83775329589844, 84.83775329589844, 84.83775329589844, 84.83775329589844, 84.83775329589844, 84.51266479492188, 44.83774948120117, 44.83774948120117, 39.83774948120117],