{"x": [-3.533069849055164, -28.52617701029959, -58.57345304731178, -80.54536371455487, -88.52639533536023, -80.5448830782071, -58.57284673165216, -28.525836248409863, 1.4272319181832036, 23.39914299913728, 31.47438238940619, 23.399282629095165, 1.427246692146058, -28.713958473076662, -61.01475081500271, -81.0147468814835, -81.01447323230576, -61.01420974428998, -28.71364407811583, 3.6807587285409413, 23.586967635202353, 23.58704730682202, 3.6807913693103127, -28.713944168070853, -64.01941963686882, -78.66717650761592, -64.01896886591857, -28.71365838336935, 6.685465800876164, 21.33347159613566, 6.685512874639227, -28.713929863053238, -67.68134192208, -67.68103845498662, -28.713672688611062, 10.253564649206515, 10.253610623965942, -28.526120164484574, -28.526120164484574, -3.5644943712709125, -3.5644943712709125, -3.5644943712709125, -3.5644943712709125, -3.5644943712709125], "y": [-6.7268848415152185, 28.299149340112503, 36.30531434176816, 58.32206198622745, 88.34475935579533, 118.25612744640185, 140.27257075443222, 148.2784751892778, 140.27240006407877, 118.25583174320985, 88.34441853569359, 58.321766282375336, 36.30514365111016, 33.302921574264246, 43.75538896037599, 71.3207526856338, 105.24632480467743, 132.822525203329, 143.27470402547692, 132.82234055178432, 105.24602576462347, 71.32045364535566, 43.755204308419565, 38.30669327369902, 52.984586574405185, 88.34467729546284, 123.7045599207971, 138.27093232631435, 123.70435811769235, 88.34439187613843, 52.98438477106298, 43.310464972450106, 65.77202714738058, 110.80597243820591, 133.26716062794435, 110.80574963470144, 65.77180434364274, 48.31423613613585, 48.31423613613585, -6.665990829864698, -6.665990829864698, -6.665990829864698, -6.665990829864698, -6.665990829864698], "altitude": [48.91279602050781, 48.91279602050781, 51.91279602050781, 51.91279602050781, 51.91279602050781, 51.91279602050781, 51.91279602050781, 51.91279602050781, 51.91279602050781, 51.91279602050781, 51.91279602050781, 51.91279602050781, 51.91279602050781, 51.91279602050781, 51.91279602050781, 51.91279602050781, 51.91279602050781, 51.91279602050781, 51.91279602050781, 51.91279602050781, 51.91279602050781, 51.91279602050781, 51.91279602050781, 51.91279602050781, 51.91279602050781, 51.91279602050781, 51.91279602050781, 51.91279602050781, 51.91279602050781, 51.91279602050781, 51.91279602050781, 51.91279602050781, 51.91279602050781, 51.91279602050781, 51.91279602050781, 51.91279602050781, 51.91279602050781, 48.91279602050781, 48.91279602050781, 49.06322479248047, 26.912796020507812, 26.912796020507812, 16.912796020507812, 16.912796020507812], "velocity": [0.17143535614013672, 4.002201080322266, 5.003533363342285, 5.000269412994385, 5.000808238983154, 5.001158714294434, 5.000461578369141, 5.000689506530762, 5.001132011413574, 5.008218765258789, 5.00002384185791, 5.000767707824707, 5.006280422210693, 5.007935047149658, 5.003217697143555, 5.002012252807617, 5.002011299133301, 5.002336025238037, 5.009069442749023, 5.000748634338379, 5.001450061798096, 5.000570297241211, 5.0032219886779785, 5.0038251876831055, 5.003129959106445, 5.002241611480713, 5.001283645629883, 5.001170635223389, 5.002669334411621, 5.002760410308838, 5.000283241271973, 5.0088629722595215, 5.008151054382324, 5.004182815551758, 5.005241394042969, 5.006235599517822, 5.004660606384277, 5.004556655883789, 5.011085510253906, NaN, 5.002359867095947, 2.0407776832580566, 0.5448798537254333, 0.7089691162109375]}