{"x": [0.8931146857872239, -28.52617701029959, -58.57345304731178, -80.54536371455487, -88.52639533536023, -80.5448830782071, -58.57284673165216, -28.525836248409863, 1.4272319181832036, 23.39914299913728, 31.47438238940619, 23.399282629095165, 1.427246692146058, -28.713958473076662, -61.01475081500271, -81.0147468814835, -81.01447323230576, -61.01420974428998, -28.71364407811583, 3.6807587285409413, 23.586967635202353, 23.58704730682202, 3.6807913693103127, -28.713944168070853, -64.01941963686882, -78.66717650761592, -64.01896886591857, -28.71365838336935, 6.685465800876164, 21.33347159613566, 6.685512874639227, -28.713929863053238, -67.68134192208, -67.68103845498662, -28.713672688611062, 10.253564649206515, 10.253610623965942, -28.526120164484574, -28.526120164484574, 0.8330734970955853, 0.8330734970955853, 0.8330734970955853, 0.8330734970955853, 0.8330734970955853], "y": [-0.3714436596833362, 28.299149340112503, 36.30531434176816, 58.32206198622745, 88.34475935579533, 118.25612744640185, 140.27257075443222, 148.2784751892778, 140.27240006407877, 118.25583174320985, 88.34441853569359, 58.321766282375336, 36.30514365111016, 33.302921574264246, 43.75538896037599, 71.3207526856338, 105.24632480467743, 132.822525203329, 143.27470402547692, 132.82234055178432, 105.24602576462347, 71.32045364535566, 43.755204308419565, 38.30669327369902, 52.984586574405185, 88.34467729546284, 123.7045599207971, 138.27093232631435, 123.70435811769235, 88.34439187613843, 52.98438477106298, 43.310464972450106, 65.77202714738058, 110.80597243820591, 133.26716062794435, 110.80574963470144, 65.77180434364274, 48.31423613613585, 48.31423613613585, -0.3693215546103369, -0.3693215546103369, -0.3693215546103369, -0.3693215546103369, -0.3693215546103369], "altitude": [49.4400520324707, 49.4400520324707, 52.4400520324707, 52.4400520324707, 52.4400520324707, 52.4400520324707, 52.4400520324707, 52.4400520324707, 52.4400520324707, 52.4400520324707, 52.4400520324707, 52.4400520324707, 52.4400520324707, 52.4400520324707, 52.4400520324707, 52.4400520324707, 52.4400520324707, 52.4400520324707, 52.4400520324707, 52.4400520324707, 52.4400520324707, 52.4400520324707, 52.4400520324707, 52.4400520324707, 52.4400520324707, 52.4400520324707, 52.4400520324707, 52.4400520324707, 52.4400520324707, 52.4400520324707, 52.4400520324707, 52.4400520324707, 52.4400520324707, 52.4400520324707, 52.4400520324707, 52.4400520324707, 52.4400520324707, 49.4400520324707, 49.4400520324707, 49.441532135009766, 27.440052032470703, 27.440052032470703, 17.440052032470703, 17.440052032470703], "velocity": [0.054417531937360764, 3.893059253692627, 5.008385181427002, 5.00013542175293, 5.000049591064453, 5.001405239105225, 5.0060505867004395, 5.000846862792969, 5.00263786315918, 5.000804901123047, 5.0013017654418945, 5.004246234893799, 5.003688812255859, 5.003020763397217, 5.005664825439453, 5.000553131103516, 5.003647804260254, 5.000618934631348, 5.0029377937316895, 5.00137186050415, 5.000190258026123, 5.002156734466553, 5.005404949188232, 5.013750076293945, 5.01391077041626, 5.000837802886963, 5.000079154968262, 5.000459671020508, 5.003993988037109, 5.004321575164795, 5.004451274871826, 5.00152063369751, 5.024946689605713, 5.000527381896973, 5.000333786010742, 5.006945610046387, 5.002626419067383, 5.002463340759277, 5.000628471374512, NaN, 5.004028797149658, 2.037872791290283, 0.3850961923599243, 0.7094255685806274]}