{"x": [0.17856815536940437, -29.117733675674373, -59.16500924115023, -81.136918611675, -89.11794846422796, -81.1364344453675, -59.16439680208584, -29.117385847301822, 0.8356818477585927, 22.807591631987382, 30.88282926054242, 22.8077277319713, 0.8356904983024439, -29.305514843744554, -61.60630657005459, -81.60630101301778, -81.6060253657126, -61.60576025351646, -29.30519397172028, 3.089208219323099, 22.995415501802885, 22.995493175287, 3.089235614253914, -29.30550024403164, -64.61097484834863, -79.25872963648649, -64.61051991217415, -29.305208571686013, 6.093914754628548, 20.741918467268295, 6.0939576631559795, -29.305485644306664, -68.27289638041665, -68.27259026094033, -29.305223171639692, 9.662012843259284, 9.662056165627757, -29.11767565103042, -29.11767565103042, 0.16177514245280103, 0.16177514245280103, 0.16177514245280103, 0.16177514245280103, 0.16177514245280103], "y": [0.04938942565707595, 28.577138355052515, 36.583305126088106, 58.60005406497185, 88.62275190388047, 118.53411952520607, 140.5505615391985, 148.55646420430725, 140.550387315014, 118.53381769971247, 88.62240401614693, 58.599752239202026, 36.58313090162937, 33.58091060016957, 44.03337988828755, 71.59874479232859, 105.52431691105251, 133.100516131321, 143.5526930511107, 133.10032766938087, 105.52401171050762, 71.5984395912231, 44.03319142631725, 38.58468229925262, 53.26257768021552, 88.62266926318325, 123.98255102631873, 138.54892135194257, 123.98234505844844, 88.62237795428355, 53.26237171213205, 43.58845399800581, 66.05001846858175, 111.08396375944923, 133.5451496535672, 111.08373636572439, 66.04979107464061, 48.59222515108394, 48.59222515108394, 0.09093734695103664, 0.09093734695103664, 0.09093734695103664, 0.09093734695103664, 0.09093734695103664], "altitude": [49.88550567626953, 49.88550567626953, 52.88550567626953, 52.88550567626953, 52.88550567626953, 52.88550567626953, 52.88550567626953, 52.88550567626953, 52.88550567626953, 52.88550567626953, 52.88550567626953, 52.88550567626953, 52.88550567626953, 52.88550567626953, 52.88550567626953, 52.88550567626953, 52.88550567626953, 52.88550567626953, 52.88550567626953, 52.88550567626953, 52.88550567626953, 52.88550567626953, 52.88550567626953, 52.88550567626953, 52.88550567626953, 52.88550567626953, 52.88550567626953, 52.88550567626953, 52.88550567626953, 52.88550567626953, 52.88550567626953, 52.88550567626953, 52.88550567626953, 52.88550567626953, 52.88550567626953, 52.88550567626953, 52.88550567626953, 49.88550567626953, 49.88550567626953, 50.02349090576172, 27.8855037689209, 27.8855037689209, 17.8855037689209, 17.8855037689209], "velocity": [0.036473676562309265, 3.870112419128418, 5.004290580749512, 5.0000152587890625, 5.002957344055176, 5.0020341873168945, 5.004182815551758, 5.000470161437988, 5.000582695007324, 5.001961708068848, 5.013584613800049, 5.001660346984863, 5.002830505371094, 5.015969276428223, 5.004312515258789, 5.000627517700195, 5.000755786895752, 5.00056791305542, 5.007492542266846, 5.003394603729248, 5.000028610229492, 5.000545024871826, 5.0019636154174805, 5.0120015144348145, 5.010089874267578, 5.003293037414551, 5.0004682540893555, 5.003231048583984, 5.003276348114014, 5.010801792144775, 5.0005784034729, 5.005145072937012, 5.02031135559082, 5.00101375579834, 5.000214099884033, 5.027534484863281, 5.000750541687012, 5.000316143035889, 5.000657081604004, NaN, 5.004016399383545, 2.021047592163086, 0.4125474691390991, 0.7218997478485107]}