{"x": [-0.16857008572550153, -4.754902395689758, -18.365921650322967, -107.91246788928692, -112.21130415731638, -15.500575460079064, 69.74829700015715, 78.34435966678947, -11.20219328743889, -11.202375906315842, -11.202375906315842, -0.1790413697508105, -0.1790413697508105], "y": [-0.22456578971147284, 45.33812535128203, 170.46976089077572, 172.59119873842204, 118.72102304733274, 77.15125988366846, 113.63053861008812, 172.1667495888067, 173.01480024225157, 9.283256949629857, 9.283256949629857, -0.19903716365021756, -0.19903716365021756], "altitude": [55.559722900390625, 55.49675369262695, 55.49675369262695, 55.49675369262695, 55.49675369262695, 55.49675369262695, 55.49675369262695, 55.49675369262695, 55.49675369262695, 55.49675369262695, 55.49675369262695, 55.26543045043945, 20.496753692626953], "velocity": [NaN, 1.2648433446884155, 3.3975698947906494, 4.9114089012146, 4.96608829498291, 4.629968166351318, 4.93863582611084, 4.948741912841797, 4.9897661209106445, 4.830345153808594, 4.970627784729004, NaN, 0.9960938692092896]}