{"x": [3.0587143908003567, 0.5690888601893448, -13.041996724769497, -102.58854409011364, -106.88735180176965, -10.176601067748079, 75.07225205663264, 83.66828369475766, -5.878269710836982, -5.878365538658446, -5.878365538658446, 3.0803956973878783, 3.0803956973878783, 3.0803956973878783], "y": [11.615058898890638, 59.281968042726845, 184.41359636776235, 186.53498674700197, 132.66480877790684, 91.09509687869172, 127.57442079374218, 186.11063632884142, 186.9586395163495, 23.227096223928502, 23.227096223928502, 11.589632987459035, 11.589632987459035, 11.589632987459035], "altitude": [54.271514892578125, 54.33704376220703, 54.33704376220703, 54.33704376220703, 54.33704376220703, 54.33704376220703, 54.33704376220703, 54.33704376220703, 54.33704376220703, 54.33704376220703, 54.33704376220703, 54.33704376220703, 19.337045669555664, 19.337045669555664], "velocity": [NaN, 1.2256684303283691, 3.9092485904693604, 4.934235572814941, 4.767212867736816, 2.8405702114105225, 5.076817989349365, 5.0846099853515625, 4.996586799621582, 4.891601085662842, 4.939586639404297, 0.4287853240966797, 1.3200143575668335, 1.0232213735580444]}