{"x": [0.4266030782707846, -8.050706504777509, -21.66168469807336, -111.20823024148459, -115.50708418670568, -18.796369129931268, 66.4525153011627, 75.04859717654429, -14.49795549999004, -14.498191846504167, -14.498191846504167, 0.629299043646503, 0.629299043646503], "y": [-0.5269168621857565, 49.99719487853905, 175.12883488433158, 177.25030211628314, 123.38012783561467, 81.81033293648939, 118.28958368922983, 176.82579184693407, 177.67387188503292, 13.942328592719393, 13.942328592719393, -0.2582623656561816, -0.2582623656561816], "altitude": [51.22364044189453, 51.21726989746094, 51.21726989746094, 51.21726989746094, 51.21726989746094, 51.21726989746094, 51.21726989746094, 51.21726989746094, 51.21726989746094, 51.21726989746094, 51.21726989746094, 51.286102294921875, 16.217267990112305], "velocity": [NaN, 1.2995009422302246, 4.407576560974121, 4.94704532623291, 4.875589847564697, 4.65101432800293, 5.0387678146362305, 4.97389554977417, 4.898731708526611, 4.731839179992676, 4.908040523529053, NaN, 0.9041880369186401]}