{"x": [-0.39943784337261723, -2.0130938446372775, -15.624147258826758, -105.17069407789229, -109.46951563961962, -12.758775593610656, 72.49008690883535, 81.08613359606407, -8.460419590639294, -8.4605575128596, -8.4605575128596, -0.394881991861274, -0.394881991861274], "y": [-0.013464296051091127, 52.821542991363785, 177.95317481498125, 180.0745882168865, 126.20441135242508, 84.63467458978532, 121.11397658781063, 179.65018991305547, 180.49821612230946, 16.76667282933516, 16.76667282933516, 0.04003824731996233, 0.04003824731996233], "altitude": [55.011268615722656, 54.96977996826172, 54.96977996826172, 54.96977996826172, 54.96977996826172, 54.96977996826172, 54.96977996826172, 54.96977996826172, 54.96977996826172, 54.96977996826172, 54.96977996826172, 54.810333251953125, 19.96977996826172], "velocity": [NaN, 1.0194581747055054, 4.552525520324707, 4.949167728424072, 5.017488479614258, 4.752111434936523, 4.966408729553223, 4.978768348693848, 4.865060806274414, 4.897534370422363, 4.954421520233154, NaN, 0.9002611637115479]}