{"x": [-1.2433249942193638, -53.43743948606231, -52.72196675753038, -47.71440786697626, -43.42221991007842, -40.56076829426252, -38.41468319769338, -37.69933393520208, -38.41471906534703, -40.56083887289037, -43.42232495382592, -47.7145435444543, -52.72212562442615, -57.014330525577456, -61.306526892407646, -64.88334525154316, -67.02942030786659, -67.74475621165553, -67.02935772279265, -64.88323235009422, -61.306378584657246, -57.014168403926426, -52.72196675753038, -52.721917531008934, -45.56826866815975, -38.41462613540388, -32.691717767457554, -29.11490656353414, -27.6841943496419, -29.114952282902383, -32.691813502343116, -38.41478101843755, -45.568485271083034, -52.72217932573443, -60.59123338976789, -67.74489709311798, -73.46780603797826, -77.04459516972028, -77.75990027212775, -77.04447418617256, -73.46759089445302, -67.74462395515128, -60.59094537847674, -52.721917531008934, -52.72186159168848, -41.99139989189357, -32.691671981045346, -24.822673819187433, -19.815133824651216, -17.669053166452574, -19.815175873126655, -24.822776008150495, -32.6918579009745, -41.99167790749533, -52.722233026952956, -64.16813537043313, -73.46790581433476, -81.33690210309506, -86.34439861446381, -87.77504145499945, -86.34421538872066, -81.33656726005889, -73.46748799935816, -64.16771053047297, -52.72186159168848, -53.43714465502391, -37.69915473593822, -24.10725999264782, -12.661444956999473, -5.507801649438812, -3.361708473270183, -5.50781871358756, -12.661519650386992, -24.10745541119613, -37.69951313306843, -53.43767988477992, -68.46044882480562, -82.76780457004841, -93.49825307520115, -100.65180533122535, -103.51311606500528, -100.65149349500358, -93.49770150623925, -82.7671336421574, -68.45979799336638, -53.43714465502391, -53.43714465502391, -1.2599929559692495, -1.2599929559692495, -1.2599929559692495, -1.2599929559692495, -1.2599929559692495], "y": [7.9624843599728905, 61.72643381069264, 81.66265419438531, 80.8142790685575, 78.69338458649328, 75.29997270220359, 71.48238938051723, 66.81646184716863, 62.15053976168815, 57.908798415354816, 54.515410576760715, 52.39455523295682, 51.54623042782403, 52.39460395711733, 54.515504276976905, 57.90892671836075, 62.15069070591267, 66.8166203386297, 71.48254032485737, 75.30010100503898, 78.69347828654175, 80.81432779283168, 81.66265419438531, 90.99450381183955, 89.72194368799494, 86.32851377170033, 80.8142186401305, 74.02740785810148, 66.39225410583705, 58.33293350185231, 51.546144838185185, 46.031890422788244, 42.21434563496742, 41.36603084555323, 42.214425418105364, 46.0320461904211, 51.546361393492, 58.33318804884575, 66.3925182581451, 74.02766240506917, 80.81443519525023, 86.32866953914106, 89.72202347144398, 90.99450381183955, 101.59887837792918, 99.47795262047627, 94.81199306679017, 87.17682073728389, 76.99660997274144, 66.39223138225167, 55.787860841326435, 46.031847423394225, 37.9725453950418, 33.306655332453374, 31.185831262680736, 33.306773108081906, 37.972761950461006, 46.03214756081261, 55.78821416780305, 66.39260119576588, 76.99696329877213, 87.1771208746549, 94.81220962145137, 99.47807039603714, 101.59887837792918, 116.86918155153737, 114.32405990055378, 107.1130431699126, 96.08447256756924, 82.08669163916532, 66.81639131181603, 51.12191790785611, 37.12414998292273, 26.095621489373293, 19.30886379325483, 16.763885652248536, 19.30902715933001, 26.095935123822308, 37.124579293626105, 51.122423202493415, 66.81692678556303, 82.08719693367223, 96.0849018778746, 107.11335680397158, 114.32422326648837, 116.86918155153737, 116.86918155153737, 7.9518351557057505, 7.9518351557057505, 7.9518351557057505, 7.9518351557057505, 7.9518351557057505], "altitude": [59.97128677368164, 60.1351318359375, 60.1351318359375, 60.1351318359375, 60.1351318359375, 60.1351318359375, 60.1351318359375, 60.1351318359375, 60.1351318359375, 60.1351318359375, 60.1351318359375, 60.1351318359375, 60.1351318359375, 60.1351318359375, 60.1351318359375, 60.1351318359375, 60.1351318359375, 60.1351318359375, 60.1351318359375, 60.1351318359375, 60.1351318359375, 60.1351318359375, 60.1351318359375, 60.1351318359375, 65.1351318359375, 65.1351318359375, 65.1351318359375, 65.1351318359375, 65.1351318359375, 65.1351318359375, 65.1351318359375, 65.1351318359375, 65.1351318359375, 65.1351318359375, 65.1351318359375, 65.1351318359375, 65.1351318359375, 65.1351318359375, 65.1351318359375, 65.1351318359375, 65.1351318359375, 65.1351318359375, 65.1351318359375, 65.1351318359375, 65.1351318359375, 70.1351318359375, 70.1351318359375, 70.1351318359375, 70.1351318359375, 70.1351318359375, 70.1351318359375, 70.1351318359375, 70.1351318359375, 70.1351318359375, 70.1351318359375, 70.1351318359375, 70.1351318359375, 70.1351318359375, 70.1351318359375, 70.1351318359375, 70.1351318359375, 70.1351318359375, 70.1351318359375, 70.1351318359375, 70.1351318359375, 70.1351318359375, 75.1351318359375, 75.1351318359375, 75.1351318359375, 75.1351318359375, 75.1351318359375, 75.1351318359375, 75.1351318359375, 75.1351318359375, 75.1351318359375, 75.1351318359375, 75.1351318359375, 75.1351318359375, 75.1351318359375, 75.1351318359375, 75.1351318359375, 75.1351318359375, 75.1351318359375, 75.1351318359375, 75.1351318359375, 75.1351318359375, 75.1351318359375, 74.7590103149414, 45.1351318359375, 45.1351318359375, 40.1351318359375, 40.1351318359375], "velocity": [NaN, 2.5, 5.006155967712402, 3.591733455657959, 2.54948091506958, 4.45398473739624, 5.004934787750244, 5.00383186340332, 5.014150142669678, 5.005126953125, 5.000656604766846, 5.001755714416504, 5.0000081062316895, 5.010992050170898, 5.057455539703369, 5.041930675506592, 5.003734111785889, 5.026297569274902, 5.02423095703125, 5.028533935546875, 5.018832206726074, 5.003081321716309, 5.032541751861572, 5.010897636413574, 3.4893064498901367, 3.381615400314331, 2.0465645790100098, 5.0003662109375, 5.009904384613037, 5.009488582611084, 5.020673751831055, 5.0479350090026855, 5.003176689147949, 5.020477294921875, 5.054379940032959, 5.05662202835083, 5.002040863037109, 5.011196136474609, 5.031118392944336, 5.047884941101074, 5.003171443939209, 5.014090538024902, 2.132662057876587, 5.006610870361328, 5.001422882080078, 3.3110110759735107, 4.43137264251709, 5.018228530883789, 5.001657485961914, 5.008728981018066, 5.001026153564453, 5.018750190734863, 5.001498222351074, 5.000005722045898, 5.017852306365967, 5.034761905670166, 5.014854907989502, 5.00014591217041, 5.030563831329346, 5.030422687530518, 5.0021281242370605, 5.054521083831787, 5.04189920425415, 5.002475738525391, 5.016134262084961, 5.046432971954346, 3.831696033477783, 4.911596298217773, 5.00023078918457, 5.00424337387085, 5.001591205596924, 5.00048828125, 5.002960681915283, 5.00028657913208, 5.0096049308776855, 5.005472660064697, 5.000363349914551, 5.010009765625, 5.0033745765686035, 5.007340431213379, 5.000300407409668, 5.021276950836182, 5.001967430114746, 5.004934310913086, 5.0012311935424805, 5.000085353851318, 3.4332644939422607, NaN, 5.001774787902832, 1.7145808935165405, 0.31945091485977173, 0.629997730255127]}