{"x": [0.0718800192455113, -67.2668804283628, -67.43493534921652, 5.08197113411436, 72.60135197583914, 0.3000458970738555, -64.15320269919641, 5.053843520813938, 72.43259863525155, 3.5630450111752574, -60.76832800726208, 4.885070785524945, 72.25446840368004, 73.08036239863667, 73.08036239863667, 0.17280098862933674, 0.17280098862933674, 0.17280098862933674, 0.17280098862933674, 0.17280098862933674], "y": [0.5634232762721799, 52.228483408397324, 159.1980039774109, 213.49426044875383, 155.00599143706106, 102.89978512178675, 159.06454846138044, 210.76998473297232, 152.02596617804863, 102.92202473757814, 159.22020020438342, 208.1902623509337, 149.1015383179077, 43.577558931863926, 43.577558931863926, 0.6222984187764802, 0.6222984187764802, 0.6222984187764802, 0.6222984187764802, 0.6222984187764802], "altitude": [85.20512390136719, 85.20512390136719, 87.20512390136719, 87.20512390136719, 87.20512390136719, 87.20512390136719, 87.20512390136719, 87.20512390136719, 87.20512390136719, 87.20512390136719, 87.20512390136719, 87.20512390136719, 87.20512390136719, 85.20512390136719, 85.20512390136719, 85.21601867675781, 52.20512390136719, 52.20512390136719, 42.20512390136719, 42.20512390136719], "velocity": [0.09573189914226532, 4.000373840332031, 5.003227233886719, 5.00054931640625, 5.000421047210693, 5.000703811645508, 5.00089168548584, 5.001298427581787, 5.000371932983398, 5.000768184661865, 5.000430107116699, 5.003876209259033, 5.000058174133301, 5.001650810241699, 5.000800132751465, NaN, 5.000356674194336, 2.0048718452453613, 0.3437190055847168, 0.7060196995735168]}