{"x": [-0.14397178588058662, -62.597392492350465, -62.76549738958489, 9.751383725226237, 77.2707918928006, 4.969510159074503, -59.48376467724249, 9.723257384746685, 77.10203994452266, 8.232509262766898, -56.098890058059524, 9.554485854742273, 76.92391107928434, 77.74985437600961, 77.74985437600961, -0.14906412442844447, -0.14906412442844447, -0.14906412442844447, -0.14906412442844447, -0.14906412442844447], "y": [-0.12499935889404015, 45.41220406939499, 152.3817245595583, 206.6780149109285, 148.18977744430543, 96.08353734952499, 152.2482705770394, 203.95373918215603, 145.2097521068464, 96.10577848996259, 152.40392390058295, 201.3740167206309, 142.28532416330498, 36.761345163034115, 36.761345163034115, -0.12075235659014807, -0.12075235659014807, -0.12075235659014807, -0.12075235659014807, -0.12075235659014807], "altitude": [83.12077331542969, 83.12077331542969, 85.12077331542969, 85.12077331542969, 85.12077331542969, 85.12077331542969, 85.12077331542969, 85.12077331542969, 85.12077331542969, 85.12077331542969, 85.12077331542969, 85.12077331542969, 85.12077331542969, 83.12077331542969, 83.12077331542969, 83.27470397949219, 50.12076950073242, 50.12076950073242, 40.12076950073242, 40.12076950073242], "velocity": [0.03621548414230347, 4.002150535583496, 5.005940914154053, 5.000272750854492, 5.000288486480713, 5.000117301940918, 5.000267028808594, 5.000644683837891, 5.000100135803223, 5.000402450561523, 5.003929138183594, 5.000431537628174, 5.002468109130859, 5.004055023193359, 5.001180648803711, NaN, 5.001384735107422, 2.0105185508728027, 0.1936621069908142, 0.7131243944168091]}