{"x": [-0.4237646455311234, -59.18435311679395, -59.35249454313085, 13.164368029482416, 80.68379617040105, 8.382532230800004, -56.07076178522383, 13.136242619337738, 80.51504523979013, 11.645531326891495, -52.68588721920488, 12.967471970303672, 80.33691737323204, 81.16289670562871, 81.16289670562871, -0.38444641299255783, -0.38444641299255783, -0.38444641299255783, -0.38444641299255783, -0.38444641299255783], "y": [0.3291949926977904, 43.232762713269246, 150.20228314610148, 204.49859826175094, 146.0103838524973, 93.90411906692238, 150.06883028400102, 201.77432252275113, 143.03035845670044, 93.92636132175564, 150.22448476403412, 199.19460000395895, 140.10593045269837, 34.58195173456391, 34.58195173456391, 0.3578618464986087, 0.3578618464986087, 0.3578618464986087, 0.3578618464986087, 0.3578618464986087], "altitude": [84.87443542480469, 84.87443542480469, 86.87443542480469, 86.87443542480469, 86.87443542480469, 86.87443542480469, 86.87443542480469, 86.87443542480469, 86.87443542480469, 86.87443542480469, 86.87443542480469, 86.87443542480469, 86.87443542480469, 84.87443542480469, 84.87443542480469, 84.77949523925781, 51.87443161010742, 51.87443161010742, 41.87443161010742, 41.87443161010742], "velocity": [0.18186114728450775, 4.000775337219238, 5.000298500061035, 5.00074577331543, 5.0001726150512695, 5.000816822052002, 5.004034519195557, 5.0005106925964355, 5.003116607666016, 5.000481605529785, 5.002002716064453, 5.001996040344238, 5.000322341918945, 5.000159740447998, 5.001025199890137, 3.5064873695373535, 5.001028060913086, 2.0083553791046143, 0.3867158889770508, 0.7044721841812134]}