{"x": [-0.2679733920888467, -58.67802310097946, -58.84616994649368, 13.670689875396556, 81.19012097942785, 8.88885967957429, -55.564437181825205, 13.642564603268454, 81.02137019978854, 12.151858774539297, -52.179562623691375, 13.473794084927567, 80.84324248138537, 81.66922715970246, 81.66922715970246, -0.2550283066238022, -0.2550283066238022, -0.2550283066238022, -0.2550283066238022, -0.2550283066238022], "y": [0.010817685797637203, 43.366193639941734, 150.33571406429382, 204.63203285350397, 146.1438218648723, 94.0375534160012, 150.2022613687697, 201.90775711344108, 143.16379646093867, 94.05979583670302, 150.35791601997698, 199.32803458615913, 140.23936844773894, 34.71538977127104, 34.71538977127104, 0.01669234003015552, 0.01669234003015552, 0.01669234003015552, 0.01669234003015552, 0.01669234003015552], "altitude": [84.06643676757812, 84.06643676757812, 86.06643676757812, 86.06643676757812, 86.06643676757812, 86.06643676757812, 86.06643676757812, 86.06643676757812, 86.06643676757812, 86.06643676757812, 86.06643676757812, 86.06643676757812, 86.06643676757812, 84.06643676757812, 84.06643676757812, 84.16321563720703, 51.06643295288086, 51.06643295288086, 41.06643295288086, 41.06643295288086], "velocity": [0.03366820514202118, 4.000168800354004, 5.0019612312316895, 5.00723123550415, 5.000232696533203, 5.000473499298096, 5.004886627197266, 5.002572059631348, 5.002986431121826, 5.000448226928711, 5.004737377166748, 5.000369548797607, 5.000738143920898, 5.0012407302856445, 5.000472545623779, NaN, 5.001119613647461, 2.0086002349853516, 0.32344210147857666, 0.7058553695678711]}