{"x": [0.893788277336594, -47.7731747666434, -47.941438324981874, 24.575362254050372, 92.09485717441326, 19.793652727312544, -44.65970541471047, 24.54723995439215, 91.92610964626434, 23.05665179800437, -41.27483102641736, 24.378472250797582, 91.74798511868796, 92.57408493258151, 92.57408493258151, 0.9013400078219019, 0.9013400078219019, 0.9013400078219019, 0.9013400078219019, 0.9013400078219019], "y": [1.6142740246635983, 42.22082782212244, 149.19034806247504, 203.4867459732984, 144.99860865410884, 92.89226131881614, 149.0568989474672, 200.76247020247746, 142.01858306590452, 92.91450729950189, 149.21255729165387, 198.18274749094502, 139.09415485817786, 33.57017708228466, 33.57017708228466, 1.6498746871319265, 1.6498746871319265, 1.6498746871319265, 1.6498746871319265, 1.6498746871319265], "altitude": [85.12510681152344, 85.12510681152344, 87.12510681152344, 87.12510681152344, 87.12510681152344, 87.12510681152344, 87.12510681152344, 87.12510681152344, 87.12510681152344, 87.12510681152344, 87.12510681152344, 87.12510681152344, 87.12510681152344, 85.12510681152344, 85.12510681152344, 85.20289611816406, 52.1251106262207, 52.1251106262207, 42.1251106262207, 42.1251106262207], "velocity": [0.011125592514872551, 4.0003132820129395, 5.0002121925354, 5.001276969909668, 5.000626564025879, 5.000887870788574, 5.0016632080078125, 5.001190185546875, 5.0004096031188965, 5.002252101898193, 5.002260208129883, 5.000548362731934, 5.0018110275268555, 5.001834392547607, 5.000127792358398, NaN, 5.000754356384277, 2.0170717239379883, 0.19356347620487213, 0.7135090827941895]}