{"wp": {"wp_x": [4.087331294193649, -46.075987373901654, -50.614042372513346, -41.331369218645314, -32.986347183618484, -26.329086049514387, -22.10969968259372, -20.609484869165513, -22.109740761708473, -26.329178907053496, -32.98650755913803, -41.331605114199036, -50.61434588911408, -59.89707202079492, -68.24212678190965, -74.89938786081616, -79.1187415396484, -80.61890395586283, -79.1185945398306, -74.89912370624975, -68.24179499878535, -59.89673016489719, -50.614042372513346, -50.89517033486301, -41.612527380682344, -33.26753298225026, -26.610293285912324, -22.29715650625454, -20.890711152660415, -22.297197958820483, -26.61038710641358, -33.26769431910823, -41.61276488296171, -50.89547610615891, -60.17817147696616, -68.52319900641272, -75.1804382700215, -79.39977809468996, -80.89993529104206, -79.3996304831137, -75.18017320561734, -68.5228666925012, -60.17782801377801, -50.89517033486301, -20.703181407528547, -11.420506612640164, -3.0754743435837337, 3.5818048290449793, 7.801214933677478, 9.301457279054027, 7.80122942809635, 3.581817461380011, -3.075489296169109, -11.420571807043189, -20.703305558134787, -29.98603336420629, -38.33109832119131, -44.988377440954324, -49.20775485743932, -50.70794451885242, -49.20766343110488, -44.98821877618077, -38.33091196091983, -29.98586218875402, -20.703181407528547, -51.082987877517304, -41.800292429543674, -33.45525039671533, -26.891738281334906, -22.57857734063508, -21.07835934333425, -22.57861929064209, -26.8918331226338, -33.455413050947044, -41.800530953413535, -51.083294772606266, -60.36604268113844, -68.71111738864897, -75.36839422703422, -79.68152273222279, -81.08792330708519, -79.68137468772129, -75.36812842007448, -68.71078332749144, -60.365698217999324, -51.082987877517304, -80.52485434553748, -71.24219127018836, -62.897186244502365, -56.239948558244144, -52.020589355976945, -50.520402715799946, -52.02068542994345, -56.24014690582157, -62.89749134346006, -71.2425978799785, -80.52533812449727, -89.80805507838339, -98.15309173584063, -104.81033045895637, -109.02965576013742, -110.52978975708696, -109.02945439963229, -104.80996081420469, -98.15261562136696, -89.80754250815832, -80.52485434553748, -8.813915689141039, 4.080629825659898], "wp_y": [5.93030977223856, 56.29809756699421, 87.46605745687344, 86.02048071278185, 81.79504247428632, 75.12332712133409, 66.78369739724768, 57.44332035430148, 48.214144648712086, 39.87453537445791, 33.202859531387794, 28.977483344126558, 27.5319919956743, 28.977577362442485, 33.20303807047821, 39.87478134120855, 48.21443335084661, 57.44362425108726, 66.78398609911488, 75.12357308808902, 81.7952210133815, 86.02057473083065, 87.46605745687344, 119.93497746632825, 118.48940046029153, 114.14164756736469, 107.5811269531608, 99.25261639516715, 89.91223951820253, 80.6719441520483, 72.34345470016719, 65.67177904289464, 61.446403091802914, 59.889717078033364, 61.44649763237647, 65.6719585741332, 72.34370203342233, 80.67223466818668, 89.91254510348357, 99.25290691104131, 107.58137428607033, 114.14182709861014, 118.48949500060043, 119.93497746632825, 90.35701883401754, 88.91146986988278, 84.68605660571878, 78.01436117569682, 69.67474407914592, 60.323252032441665, 51.10519133056501, 42.76556942877114, 36.09387366141683, 31.85735300857828, 30.42295337309172, 31.857391465481516, 36.09394669132748, 42.76567003911414, 51.10530942147937, 60.32337633872411, 69.67486217024027, 78.01446178597723, 84.68612963556704, 88.91150832696613, 90.35701883401754, 63.33676076141617, 61.8800640875654, 57.665744950585655, 50.99402953675132, 42.654399364531685, 33.31402225007544, 24.084846614020417, 15.745237791176539, 9.073562006871397, 4.848186212160435, 3.291500373323985, 4.848281101358892, 9.073742200391813, 15.74548578427696, 24.08513873726536, 33.314328961412954, 42.654691487514555, 50.99427752950826, 57.665925143763765, 61.880158976854375, 63.33676076141617, 92.80361016724329, 91.24681071531847, 87.02134750271578, 80.3496122255987, 72.0099698751989, 62.780783268008186, 53.551612052378935, 45.100820479506915, 38.54035948595699, 34.20381334755497, 32.758349779284295, 34.20396292664952, 38.540643535076285, 45.101211802503265, 53.5520713656092, 62.78126675553851, 72.01042918841772, 80.3500035479589, 87.02163155155073, 91.24696029405237, 92.80361016724329, 20.860172124391305, 5.927931785611222], "wp_altitude_m": [86.73564147949219, 86.6195068359375, 86.6195068359375, 86.6195068359375, 86.6195068359375, 86.6195068359375, 86.6195068359375, 86.6195068359375, 86.6195068359375, 86.6195068359375, 86.6195068359375, 86.6195068359375, 86.6195068359375, 86.6195068359375, 86.6195068359375, 86.6195068359375, 86.6195068359375, 86.6195068359375, 86.6195068359375, 86.6195068359375, 86.6195068359375, 86.6195068359375, 86.6195068359375, 86.6195068359375, 86.6195068359375, 86.6195068359375, 86.6195068359375, 86.6195068359375, 86.6195068359375, 86.6195068359375, 86.6195068359375, 86.6195068359375, 86.6195068359375, 86.6195068359375, 86.6195068359375, 86.6195068359375, 86.6195068359375, 86.6195068359375, 86.6195068359375, 86.6195068359375, 86.6195068359375, 86.6195068359375, 86.6195068359375, 86.6195068359375, 86.6195068359375, 86.6195068359375, 86.6195068359375, 86.6195068359375, 86.6195068359375, 86.6195068359375, 86.6195068359375, 86.6195068359375, 86.6195068359375, 86.6195068359375, 86.6195068359375, 86.6195068359375, 86.6195068359375, 86.6195068359375, 86.6195068359375, 86.6195068359375, 86.6195068359375, 86.6195068359375, 86.6195068359375, 86.6195068359375, 86.6195068359375, 86.6195068359375, 86.6195068359375, 86.6195068359375, 86.6195068359375, 86.6195068359375, 86.6195068359375, 86.6195068359375, 86.6195068359375, 86.6195068359375, 86.6195068359375, 86.6195068359375, 86.6195068359375, 86.6195068359375, 86.6195068359375, 86.6195068359375, 86.6195068359375, 86.6195068359375, 86.6195068359375, 86.6195068359375, 86.6195068359375, 86.6195068359375, 86.6195068359375, 86.6195068359375, 86.6195068359375, 86.6195068359375, 86.6195068359375, 86.6195068359375, 86.6195068359375, 86.6195068359375, 86.6195068359375, 86.6195068359375, 86.6195068359375, 86.6195068359375, 86.6195068359375, 86.6195068359375, 86.6195068359375, 86.6195068359375, 86.6195068359375, 86.6195068359375, 86.6195068359375, 86.6195068359375, 86.6195068359375, 86.6195068359375, 41.6195068359375],