{"wp": {"wp_x": [1.0291407117506775, -50.225214247934055, -55.23261753798187, -45.9328691403371, -37.34849319908422, -30.910216300206574, -26.618038446096655, -25.18732726469789, -26.61808815229901, -30.91032649562995, -37.34867390003624, -45.93313036312535, -55.232950401908454, -64.53275169022238, -72.4017915221526, -79.55543834988951, -83.84758293120319, -85.2782406779019, -83.84742635553553, -79.55515473447018, -72.40144122664572, -64.53238469095199, -55.23261753798187, -55.232439384105625, -45.932719033602346, -37.348371145875184, -30.910116599030044, -26.61795258957026, -25.187246023133046, -26.618001166344946, -30.910225483183137, -37.34855343289427, -45.932982207216256, -55.232769905680684, -64.53254354180277, -73.11692543132106, -79.5551783691518, -83.84730892347, -85.27796561347576, -83.84715590552516, -79.55489812861373, -73.11656856967163, -64.53217380176233, -55.232439384105625, -25.18724495416222, -15.887493149668662, -7.303107007129812, -0.8648129303760449, 3.427389190688533, 4.858128000300558, 3.4273955909585854, -0.8648159767471091, -7.30314234133773, -15.887583502799052, -25.187395678313774, -34.48719930212256, -43.07161908430432, -49.509913379967415, -53.80208218908507, -55.23276756156746, -53.80198171983771, -49.50973897804659, -43.07141069434381, -34.48700317245848, -25.18724495416222, -55.232751152770355, -45.93298025779117, -38.063951568189225, -31.625659549603437, -27.333471916880907, -25.187388195589385, -27.33352295874899, -31.625770952671676, -38.06413572952367, -45.93324147954264, -55.23308401537581, -64.53290780081423, -73.11733814601297, -79.55562742591415, -83.84778576715031, -85.27844697526625, -83.84762919210411, -79.55534718797136, -73.11698439079676, -64.53254080300043, -55.232751152770355, -85.27794027852121, -75.97819849338045, -67.39384004010977, -60.95558840785193, -56.663438240423986, -55.23275584099891, -56.66354164835217, -60.955803128815326, -67.3941689683525, -75.97863381082033, -85.27845059451093, -94.578245662658, -102.4472687377369, -108.88551924682037, -113.17763656412906, -114.60827099769783, -113.17743002100492, -108.88513569017118, -102.44676872711882, -94.57770377926647, -85.27794027852121, -13.026118520831114, 1.0525566332516825], "wp_y": [5.72234153701891, 55.78143034975654, 87.1704054825438, 85.47365848561925, 81.23187289434749, 74.86922616912103, 66.38571416400326, 57.05386083853486, 47.722014928445205, 39.23852762914769, 32.87592487488887, 28.634210814081374, 26.937557950415886, 28.634313600392275, 32.876117332362135, 39.23879645381206, 47.72233119328848, 57.05419291625575, 66.3860304286237, 74.86949499386424, 81.23206535187731, 85.47376127170234, 87.1704054825438, 119.40770416188433, 118.13513214729305, 113.89334655593882, 107.10652484864983, 98.62301284326855, 89.29115951792076, 80.38348859094849, 71.90000129162947, 65.11322355355613, 60.87150949410002, 59.59903161233583, 60.87161228032921, 65.1134212192327, 71.9002701159535, 80.38380485522497, 89.29149159581301, 98.62332910766486, 107.10679367304336, 113.89354422134586, 118.13523493329802, 119.40770416188433, 89.71533450012957, 88.44279044255673, 84.20103065672889, 77.4142283046104, 69.35490418509036, 60.02305516085752, 50.691204949505796, 42.2077047461142, 35.845082638036885, 31.603342770855296, 29.906661950904194, 31.603389643509683, 35.84517277778824, 42.207827336240065, 50.691349172576395, 60.02320659558666, 69.3550484083819, 77.41435089438319, 84.20112079648436, 88.44283731507612, 89.71533450012957, 62.99243147269151, 61.29568447628903, 57.053901583718535, 50.69125439760771, 42.207742084768434, 32.87588682858456, 23.54404284970732, 15.484730840043659, 8.69795356483704, 4.456236804858905, 2.7595839400548923, 4.4563395913194865, 8.698148531512482, 15.484997427271779, 23.544357183634535, 32.87621890670743, 42.20805641846986, 50.69152098454521, 57.05409655010683, 61.29578726252181, 62.99243147269151, 92.26071647383966, 90.98811650262049, 86.7463051043525, 79.95946404356336, 71.47593913449562, 62.14408150795461, 53.23641488149977, 44.752940485102584, 37.966182103463, 33.724493848998605, 32.452043924877, 33.72465254869009, 37.96647993657055, 44.75334772645237, 53.236895061194126, 62.14458600058691, 71.47641931384786, 79.95987128432162, 86.7466029368842, 90.98827520199688, 92.26071647383966, 20.57478908456642, 5.697593211752681], "wp_altitude_m": [83.51954650878906, 83.52896118164062, 83.52896118164062, 83.52896118164062, 83.52896118164062, 83.52896118164062, 83.52896118164062, 83.52896118164062, 83.52896118164062, 83.52896118164062, 83.52896118164062, 83.52896118164062, 83.52896118164062, 83.52896118164062, 83.52896118164062, 83.52896118164062, 83.52896118164062, 83.52896118164062, 83.52896118164062, 83.52896118164062, 83.52896118164062, 83.52896118164062, 83.52896118164062, 83.52896118164062, 83.52896118164062, 83.52896118164062, 83.52896118164062, 83.52896118164062, 83.52896118164062, 83.52896118164062, 83.52896118164062, 83.52896118164062, 83.52896118164062, 83.52896118164062, 83.52896118164062, 83.52896118164062, 83.52896118164062, 83.52896118164062, 83.52896118164062, 83.52896118164062, 83.52896118164062, 83.52896118164062, 83.52896118164062, 83.52896118164062, 83.52896118164062, 83.52896118164062, 83.52896118164062, 83.52896118164062, 83.52896118164062, 83.52896118164062, 83.52896118164062, 83.52896118164062, 83.52896118164062, 83.52896118164062, 83.52896118164062, 83.52896118164062, 83.52896118164062, 83.52896118164062, 83.52896118164062, 83.52896118164062, 83.52896118164062, 83.52896118164062, 83.52896118164062, 83.52896118164062, 83.52896118164062, 83.52896118164062, 83.52896118164062, 83.52896118164062, 83.52896118164062, 83.52896118164062, 83.52896118164062, 83.52896118164062, 83.52896118164062, 83.52896118164062, 83.52896118164062, 83.52896118164062, 83.52896118164062, 83.52896118164062, 83.52896118164062, 83.52896118164062, 83.52896118164062, 83.52896118164062, 83.52896118164062, 83.52896118164062, 83.52896118164062, 83.52896118164062, 83.52896118164062, 83.52896118164062, 83.52896118164062, 83.52896118164062, 83.52896118164062, 83.52896118164062, 83.52896118164062, 83.52896118164062, 83.52896118164062, 83.52896118164062, 83.52896118164062, 83.52896118164062, 83.52896118164062, 83.52896118164062, 83.52896118164062, 83.52896118164062, 83.52896118164062, 83.52896118164062, 83.52896118164062, 83.52896118164062, 83.52896118164062, 83.52896118164062, 38.52896499633789],