{"wp": {"wp_x": [0.565147817167992, 2.6479222092787436, 73.37223335898132, 73.91583100948436, 118.72515595457669, 157.59689300447283, 162.7259139587585, 116.30091073446522, 117.64447682347758], "wp_y": [1.0492084018256027, 13.009806767000287, -38.28414524808215, 99.3974169137354, -36.66026562079918, 103.97961233180979, -34.23559973083658, 107.225941110721, 35.683140947390754], "wp_altitude_m": [47.38840866088867, 47.38840866088867, 47.38840866088867, 47.38840866088867, 47.38840866088867, 47.38840866088867, 47.38840866088867, 47.38840866088867, 47.38840866088867], "wp_speed_ms": [4.736509799957275, 4.743659973144531, 4.767153263092041, 4.782696723937988, 4.790203094482422, 4.751140117645264, 4.705958366394043, 4.557835102081299, 3.7297120094299316], "wp_yaw_deg": [15.412476539611816, 15.412476539611816, 15.412476539611816, 15.412476539611816, 15.412476539611816, 15.412476539611816, 15.412476539611816, 15.412476539611816, -17.861886978149414]}}