{"wp": {"wp_x": [-0.06200638061745714, -59.32500034556342, -59.4931402666555, 13.023723070197905, 80.5431503881477, 8.241885715140983, -56.21140751062016, 12.995597621714753, 80.37439941559678, 11.504884811549367, -52.82653294240441, 12.826826936376161, 80.19627150788122, 81.02224935519108], "wp_y": [0.37126031446543833, 44.76725353451982, 151.7367739695221, 206.03308806483534, 147.54487270528688, 95.43860893728429, 151.60332106144185, 203.30881232616815, 144.56484731230302, 95.46085114614165, 151.75897549408228, 200.72908980983203, 141.64041931076102, 36.11644058026109], "wp_altitude_m": [83.20896911621094, 83.20896911621094, 85.20896911621094, 85.20896911621094, 85.20896911621094, 85.20896911621094, 85.20896911621094, 85.20896911621094, 85.20896911621094, 85.20896911621094, 85.20896911621094, 85.20896911621094, 85.20896911621094, 83.20896911621094], "wp_speed_ms": [0.11368259787559509, 4.004158020019531, 5.033561706542969, 5.0344672203063965, 5.016208171844482, 5.015019416809082, 5.031850814819336, 5.032992839813232, 5.013786792755127, 5.019087314605713, 5.021946430206299, 5.0187835693359375, 5.005115032196045, 5.028425693511963], "wp_yaw_deg": [20.865991592407227, 20.938142776489258, -52.28468322753906, 0.8142129778862, 53.35086441040039, 131.1825408935547, -125.45414733886719, -48.685054779052734, 53.46681594848633, 131.3328094482422, -125.1783447265625, -48.63492202758789, 53.470924377441406, 131.50074768066406]}}