{"wp": {"wp_x": [-0.2679733920888467, -58.67802310097946, -58.84616994649368, 13.670689875396556, 81.19012097942785, 8.88885967957429, -55.564437181825205, 13.642564603268454, 81.02137019978854, 12.151858774539297, -52.179562623691375, 13.473794084927567, 80.84324248138537, 81.66922715970246], "wp_y": [0.010817685797637203, 43.366193639941734, 150.33571406429382, 204.63203285350397, 146.1438218648723, 94.0375534160012, 150.2022613687697, 201.90775711344108, 143.16379646093867, 94.05979583670302, 150.35791601997698, 199.32803458615913, 140.23936844773894, 34.71538977127104], "wp_altitude_m": [84.06643676757812, 84.06643676757812, 86.06643676757812, 86.06643676757812, 86.06643676757812, 86.06643676757812, 86.06643676757812, 86.06643676757812, 86.06643676757812, 86.06643676757812, 86.06643676757812, 86.06643676757812, 86.06643676757812, 84.06643676757812], "wp_speed_ms": [0.037525471299886703, 4.002747058868408, 5.029471397399902, 5.021999835968018, 5.025618076324463, 5.0060014724731445, 5.018454074859619, 5.049524307250977, 5.034181594848633, 5.017622470855713, 5.033982276916504, 5.022510528564453, 5.04392671585083, 5.016683101654053], "wp_yaw_deg": [4.901012420654297, 4.934757709503174, -53.30671310424805, 0.2315465211868286, 53.3312873840332, 131.15960693359375, -125.63749694824219, -48.76313018798828, 53.47314453125, 131.25845336914062, -125.29167175292969, -48.593955993652344, 53.50944900512695, 131.78274536132812]}}