{"wp": {"wp_x": [-0.564568280860893, -60.40329575074112, -60.57142413094481, 11.945445063841087, 79.46486607138867, 7.1635957767816585, -57.28969138931268, 11.917319321434052, 79.29611477732614, 10.426594875586659, -53.90481680430837, 11.748548357767922, 79.11798655409744, 79.9439530166404], "wp_y": [-0.27250617843466207, 43.56635478529327, 150.53587523878738, 204.8321815096738, 146.34395886595124, 94.23770289826926, 150.40242197669, 202.10790577456007, 143.36393349101942, 94.25994475523031, 150.55807604364105, 199.5281832762767, 140.43950550858983, 34.91552668967005], "wp_altitude_m": [82.98556518554688, 82.98556518554688, 84.98556518554688, 84.98556518554688, 84.98556518554688, 84.98556518554688, 84.98556518554688, 84.98556518554688, 84.98556518554688, 84.98556518554688, 84.98556518554688, 84.98556518554688, 84.98556518554688, 82.98556518554688], "wp_speed_ms": [0.12318738549947739, 4.020002841949463, 5.018865585327148, 5.031493186950684, 5.049491882324219, 5.024366855621338, 5.103627681732178, 5.015599727630615, 5.035069465637207, 5.030519008636475, 5.071160793304443, 5.015102863311768, 5.056346416473389, 5.0228271484375], "wp_yaw_deg": [16.094003677368164, 16.73531723022461, -52.39952850341797, 1.0298361778259277, 53.69126892089844, 131.20481872558594, -125.60958862304688, -47.878108978271484, 53.47296905517578, 131.50624084472656, -125.33605194091797, -47.520381927490234, 53.76775360107422, 131.6500701904297]}}