{"wp": {"wp_x": [-0.4848517489303374, -60.637707797825186, -60.80583366911685, 11.711036799092279, 79.23045643478088, 6.929184918125059, -57.5241009306176, 11.682910992788877, 79.06170507082544, 10.192184017449986, -54.139226341965376, 11.514139968616972, 78.88357677900781, 79.70954076663028], "wp_y": [-0.3450881838945602, 42.87694766034248, 149.84646811720992, 204.14277268751593, 145.654548460236, 93.54829418815234, 149.71301477801478, 201.41849695311905, 142.67452308920232, 93.57053596907537, 149.8686687657454, 198.83877445873483, 139.75009511102434, 34.226116272471636], "wp_altitude_m": [84.83340454101562, 84.83340454101562, 86.83340454101562, 86.83340454101562, 86.83340454101562, 86.83340454101562, 86.83340454101562, 86.83340454101562, 86.83340454101562, 86.83340454101562, 86.83340454101562, 86.83340454101562, 86.83340454101562, 84.83340454101562], "wp_speed_ms": [0.05210166051983833, 4.002511501312256, 5.039045810699463, 5.020747661590576, 5.009033203125, 5.016473770141602, 5.022698402404785, 5.028703689575195, 5.019395351409912, 5.018321514129639, 5.01746129989624, 5.00529146194458, 5.026115417480469, 5.0126633644104], "wp_yaw_deg": [15.693268775939941, 15.693791389465332, -53.93844223022461, 0.292752206325531, 53.42708969116211, 131.16033935546875, -125.57307434082031, -48.67176055908203, 53.42462921142578, 131.4242401123047, -125.28961944580078, -47.37190628051758, 53.47616195678711, 132.5514373779297]}}