{"wp": {"wp_x": [-0.2734551432189219, -58.45298753791101, -58.621136792059474, 13.89572180749475, 81.41515422862639, 9.113894101797289, -55.339404024377, 13.86759659670658, 81.24640351608087, 12.376893196267137, -51.95452946973875, 13.698826136450311, 81.0682758635197, 81.89426291765062], "wp_y": [-0.407563299248515, 45.57897136128189, 152.54849178194985, 206.844812203475, 148.3566027351005, 96.25033265860846, 152.4150391599838, 204.12053646267438, 145.37657732725216, 96.27257515251955, 152.57069388758083, 201.5408139311199, 142.45214931013868, 36.92817065224433], "wp_altitude_m": [83.68136596679688, 83.68136596679688, 85.68136596679688, 85.68136596679688, 85.68136596679688, 85.68136596679688, 85.68136596679688, 85.68136596679688, 85.68136596679688, 85.68136596679688, 85.68136596679688, 85.68136596679688, 85.68136596679688, 83.68136596679688], "wp_speed_ms": [0.16217756271362305, 4.004788398742676, 5.003541946411133, 5.022373676300049, 5.014739990234375, 5.0221405029296875, 5.035861015319824, 5.010961532592773, 5.014267444610596, 5.016266345977783, 5.053079128265381, 5.016064167022705, 5.018153667449951, 5.022613525390625], "wp_yaw_deg": [15.16215705871582, 15.179677963256836, -51.09592819213867, 0.3083765506744385, 53.48902893066406, 131.07272338867188, -125.54889678955078, -48.29697036743164, 54.01704788208008, 131.37718200683594, 129.6609649658203, -48.596588134765625, 53.569278717041016, 131.49700927734375]}}