{"wp": {"wp_x": [-0.285732774868957, 1.5936867011889357, 99.73824740197183, 99.73712695810663, 19.50323924782529, -52.13449753517545, -51.41860406878876, 21.65219300298944, 99.73816315879728, 7.3247440562474395], "wp_y": [0.6904143091542874, 22.25543665735766, 23.104281707422132, 135.93482708486178, 43.04002961631056, 136.78281714805706, 42.6159673132206, 132.5409553517516, 31.58778135965227, 39.222438506834045], "wp_altitude_m": [62.34720993041992, 62.34720993041992, 62.34720993041992, 62.34720993041992, 62.34720993041992, 62.34720993041992, 62.34720993041992, 62.34720993041992, 62.34720993041992, 62.34720993041992], "wp_speed_ms": [0.061567578464746475, 3.002734661102295, 5.097723484039307, 5.058038711547852, 5.074733257293701, 5.001502990722656, 5.008361339569092, 5.006801605224609, 5.039281845092773, 5.082306385040283], "wp_yaw_deg": [8.12412166595459, 8.101430892944336, 7.802352428436279, 89.62757110595703, 0.6861405372619629, -138.58651733398438, -35.13206481933594, 180.0, 40.1550407409668, 143.04322814941406]}}