{"wp": {"wp_x": [-0.46725130125498404, 1.3495523008687087, 99.49411302231908, 99.4929953211874, 19.25910535272346, -52.37862915179048, -51.66273797424396, 21.408061283415627, 99.49402898536333, 7.080610068343848], "wp_y": [0.9871153236965018, 24.05679443348236, 24.905637097461927, 137.73618247457443, 44.84138695640265, 138.58417622998994, 44.41732637743497, 134.3423126402043, 33.38913674970101, 41.02379614328611], "wp_altitude_m": [65.45647430419922, 65.45647430419922, 65.45647430419922, 65.45647430419922, 65.45647430419922, 65.45647430419922, 65.45647430419922, 65.45647430419922, 65.45647430419922, 65.45647430419922], "wp_speed_ms": [1.2138196229934692, 3.0030064582824707, 5.0803117752075195, 5.068742752075195, 5.042717933654785, 5.005012035369873, 5.011170864105225, 5.010499000549316, 5.049438953399658, 5.002275466918945], "wp_yaw_deg": [-13.904012680053711, -14.605083465576172, 6.460865497589111, 90.8017807006836, 0.8851441740989685, -138.5943145751953, -37.2534294128418, 179.98019409179688, 39.6693115234375, 142.3905792236328]}}