{"wp": {"wp_x": [-0.22843766121653064, -2.779376256610436, 95.36264488804231, 95.3615736091098, 15.136301539591878, -56.507079662497766, -55.79398729529966, 17.2770140514449, 95.36256433430322, 8.68554237104213, -0.25453400554893485], "wp_y": [-0.1745640786639525, 23.328695994659668, 24.17422976610587, 137.00372183108792, 44.11103880536934, 137.85962901185326, 43.6886416470504, 133.6118387159563, 32.65840266894101, 33.08049443274632, -0.19248424386852933], "wp_altitude_m": [68.87350463867188, 68.87907409667969, 68.87907409667969, 68.87907409667969, 68.87907409667969, 68.87907409667969, 68.87907409667969, 68.87907409667969, 68.87907409667969, 68.87907409667969, 18.879074096679688], "wp_speed_ms": [5.000181198120117, 3.0462400913238525, 5.004058361053467, 5.077747344970703, 5.039895534515381, 5.08514928817749, 5.157051086425781, 5.076317310333252, 5.007758140563965, 5.038464546203613, 1.0035429000854492], "wp_yaw_deg": [21.93294334411621, 21.934467315673828, -5.85162878036499, 92.23675537109375, 0.7967215776443481, -138.56939697265625, -35.8411750793457, 180.0, 40.922340393066406, 142.5054168701172, 21.93294334411621]}}