{"wp": {"wp_x": [-1.0839362144268316, 1.3495523008687087, 99.49411302231908, 99.4929953211874, 19.25910535272346, -52.37862915179048, -51.66273797424396, 21.408061283415627, 99.49402898536333, 7.080610068343848], "wp_y": [0.8561065793142929, 24.05679443348236, 24.905637097461927, 137.73618247457443, 44.84138695640265, 138.58417622998994, 44.41732637743497, 134.3423126402043, 33.38913674970101, 41.02379614328611], "wp_altitude_m": [65.31657409667969, 65.31657409667969, 65.31657409667969, 65.31657409667969, 65.31657409667969, 65.31657409667969, 65.31657409667969, 65.31657409667969, 65.31657409667969, 65.31657409667969], "wp_speed_ms": [1.000491738319397, 3.0027284622192383, 5.072840690612793, 5.042236804962158, 5.029438495635986, 5.004018306732178, 5.013155460357666, 5.028372287750244, 5.057698726654053, 5.009391784667969], "wp_yaw_deg": [-14.310636520385742, -14.450758934020996, 5.839524269104004, 89.75128936767578, 1.8986270427703857, -137.29583740234375, -37.116554260253906, 179.98019409179688, 40.79216003417969, 142.55648803710938]}}