{"wp": {"wp_x": [-1.496397376318296, 1.5936867011889357, 99.73824740197183, 99.73712695810663, 19.50323924782529, -52.13449753517545, -51.41860406878876, 21.65219300298944, 99.73816315879728, 7.3247440562474395], "wp_y": [1.7410738468950735, 22.25543665735766, 23.104281707422132, 135.93482708486178, 43.04002961631056, 136.78281714805706, 42.6159673132206, 132.5409553517516, 31.58778135965227, 39.222438506834045], "wp_altitude_m": [61.50657272338867, 61.50657272338867, 61.50657272338867, 61.50657272338867, 61.50657272338867, 61.50657272338867, 61.50657272338867, 61.50657272338867, 61.50657272338867, 61.50657272338867], "wp_speed_ms": [0.6888143420219421, 3.012507438659668, 5.096879482269287, 5.086937427520752, 5.099019527435303, 5.003412246704102, 5.0074462890625, 5.0118489265441895, 5.049540042877197, 5.031831741333008], "wp_yaw_deg": [14.994229316711426, 14.419394493103027, 12.052506446838379, 89.76109313964844, 2.219907760620117, -138.6207275390625, -36.00529479980469, 180.0, 42.717918395996094, 142.69818115234375]}}