{"wp": {"wp_x": [0.16839273269930935, 10.653749940984923, 60.44342892486968, 101.72644818494517, 39.97010948116668, 0.46891438996080853, 60.29335362873754, 98.06891497269588, 40.11079802231543, 4.65163075334875, 60.24643955334371, 94.47702868539417, 40.03578867119828, 8.581133389932832, 60.24641597574119, 90.88514292130911, 40.176477210515365, 12.63255333524479, 60.29328538816703, 86.75869702691266, 40.420330599316785, 6.7429958962638485], "wp_y": [0.26026424702374495, 3.8918281075955874, -42.26500897100268, 2.2021768962173485, 56.2869517393935, 18.013578128253144, -38.6511747612164, 1.7128826849149803, 52.6064002302081, 17.969101228732406, -34.93726449398518, 1.3125463737225658, 48.436590180399556, 17.913506364606246, -31.02320307628296, 0.8232554100999239, 44.789397151356496, 18.235975948307054, -27.33153122842301, -0.07746014260962708, 40.19704766365224, 7.639093733398753], "wp_altitude_m": [85.56922912597656, 85.56922912597656, 89.56922912597656, 89.56922912597656, 89.56922912597656, 89.56922912597656, 89.56922912597656, 89.56922912597656, 89.56922912597656, 89.56922912597656, 89.56922912597656, 89.56922912597656, 89.56922912597656, 89.56922912597656, 89.56922912597656, 89.56922912597656, 89.56922912597656, 89.56922912597656, 89.56922912597656, 89.56922912597656, 85.56922912597656, 85.56922912597656], "wp_speed_ms": [0.032333772629499435, 4.006500720977783, 5.012882232666016, 5.0468268394470215, 5.004373550415039, 5.032243251800537, 5.011071681976318, 5.027906894683838, 5.003045082092285, 5.018650531768799, 5.017370700836182, 5.035441875457764, 5.001290798187256, 5.057653427124023, 5.0214524269104, 5.041620254516602, 5.012397766113281, 5.023519992828369, 5.017148494720459, 5.037556171417236, 5.001496315002441, 5.043174743652344], "wp_yaw_deg": [45.33815383911133, 31.069778442382812, 70.815673828125, 133.4174041748047, 46.41897964477539, -46.2324104309082, -130.46026611328125, 136.01287841796875, 46.76451873779297, -45.91792678833008, -130.38235473632812, 136.45501708984375, 47.670284271240234, -46.10898971557617, -129.54258728027344, 136.39968872070312, 48.07936096191406, -45.96760940551758, -128.8184356689453, 136.9003448486328, 49.83462142944336, -45.568878173828125]}}