{"wp": {"wp_x": [0.3575538098732344, 12.867028975767346, 62.65671817412735, 103.93972759364406, 42.18337692085357, 2.6821902995987803, 62.50664207825887, 100.2821944896759, 42.32406627651534, 6.864906672828984, 62.459727180981524, 96.69030829096877, 42.249057848184535, 10.794409321715767, 62.45970273720178, 93.09842263516404, 42.3897471946313, 14.845829195664585, 62.50657133266443, 88.9719769400962, 42.633601599726354, 8.95627410177671], "wp_y": [-0.9819575541464886, 3.2469001357197818, -42.90992592497911, 1.5572690784271668, 55.64203025474354, 17.36864790213637, -39.29609174843048, 1.0679740579481476, 51.961478776680885, 17.324171928149166, -35.5821814910954, 0.6676369517256543, 47.79166870989673, 17.26857793438517, -31.668120073740404, 0.17834519342642913, 44.144475712683246, 17.591048413911704, -27.97644821561845, -0.7223712727904013, 39.55212627838164, 6.994164895759647], "wp_altitude_m": [92.47825622558594, 92.47825622558594, 96.47825622558594, 96.47825622558594, 96.47825622558594, 96.47825622558594, 96.47825622558594, 96.47825622558594, 96.47825622558594, 96.47825622558594, 96.47825622558594, 96.47825622558594, 96.47825622558594, 96.47825622558594, 96.47825622558594, 96.47825622558594, 96.47825622558594, 96.47825622558594, 96.47825622558594, 96.47825622558594, 92.47825622558594, 92.47825622558594], "wp_speed_ms": [0.055601295083761215, 4.00235652923584, 5.0190324783325195, 5.052334785461426, 5.038666248321533, 5.005368709564209, 5.017230987548828, 5.0156941413879395, 5.001909255981445, 5.004576683044434, 5.023917198181152, 5.020061016082764, 5.00557804107666, 5.023142337799072, 5.011660575866699, 5.0129899978637695, 5.008156776428223, 5.012510776519775, 5.026941776275635, 5.002002716064453, 5.001623153686523, 5.029043197631836], "wp_yaw_deg": [38.795982360839844, 39.60697937011719, 70.80713653564453, 133.50936889648438, 46.05814743041992, 41.23945617675781, -130.13607788085938, 135.8714599609375, 47.10342788696289, -46.05830764770508, -130.36822509765625, 136.22958374023438, 47.35270690917969, -46.10912322998047, -129.38943481445312, 136.24777221679688, 128.09266662597656, -45.969303131103516, -128.69041442871094, 136.9294891357422, 49.55259323120117, -45.79092025756836]}}