{"wp": {"wp_x": [0.12780444278304237, 11.544688533947957, 61.334371629585355, 102.61738692842634, 40.861043406618386, 1.3598517249207185, 61.18429601152602, 98.95985375976466, 41.00173227564277, 5.542568092270797, 61.13738160528984, 95.36796750812586, 40.92672329598578, 9.472070733807433, 61.1373576790149, 91.7760817876281, 41.067412160206395, 13.523490650392919, 61.184226762579016, 87.6496359734696, 41.311265958108606, 7.633934155410771], "wp_y": [-0.3026807002411981, 3.9363070664892486, -42.220525576857106, 2.2466639684637255, 56.331433309742344, 18.05805617965123, -38.606691380154814, 1.7573694310848662, 52.65088181328751, 18.013579652890318, -34.89278111681236, 1.357032800181964, 48.4810717567579, 17.95798513924327, -30.978719699462204, 0.8677415161414782, 44.833878740445435, 18.280455083325776, -27.287047847710458, -0.032974404376814224, 40.24152927395937, 7.6835723442895505], "wp_altitude_m": [88.75863647460938, 88.75863647460938, 92.75863647460938, 92.75863647460938, 92.75863647460938, 92.75863647460938, 92.75863647460938, 92.75863647460938, 92.75863647460938, 92.75863647460938, 92.75863647460938, 92.75863647460938, 92.75863647460938, 92.75863647460938, 92.75863647460938, 92.75863647460938, 92.75863647460938, 92.75863647460938, 92.75863647460938, 92.75863647460938, 88.75863647460938, 88.75863647460938], "wp_speed_ms": [0.05459355190396309, 4.00363302230835, 5.006505012512207, 5.033425807952881, 5.006313323974609, 5.020965576171875, 5.028528690338135, 5.0245680809021, 5.002938747406006, 5.027177810668945, 5.0113935470581055, 5.022747039794922, 5.003876209259033, 5.007778167724609, 5.019667625427246, 5.034276962280273, 5.004186630249023, 5.0233659744262695, 5.023787021636963, 5.013528823852539, 5.00584602355957, 5.0513763427734375], "wp_yaw_deg": [52.404701232910156, 52.396644592285156, 69.7226333618164, 133.26910400390625, 46.20729446411133, -46.36479187011719, -130.25869750976562, 136.0728302001953, 46.75310134887695, -46.026161193847656, -130.05191040039062, 136.41517639160156, 47.475154876708984, -46.39079666137695, -129.27023315429688, 136.2935333251953, 48.7548942565918, -45.88142395019531, -128.60557556152344, 136.7978973388672, 49.455810546875, -45.45456314086914]}}