{"wp": {"wp_x": [0.7527524840005175, 13.56102325187297, 63.35071565306603, 104.6337219869943, 42.87736756121739, 3.376183595786309, 63.20063930643367, 100.97618891697849, 43.01805717227674, 7.558899972102885, 63.15372415144797, 97.38430274605095, 42.94304903329352, 11.48840262484752, 63.15369943607122, 93.79241712419838, 43.08373863282276, 15.539822476420012, 63.20056777536832, 89.66597149163161, 43.32759335658545, 9.650268117857243], "wp_y": [0.13882663794695416, 3.5137688766350705, -42.64305372914967, 1.8241441385793813, 55.90890103029894, 17.63551593643673, -39.02921956321055, 1.3348488641702312, 52.22834956142933, 17.591040252452448, -35.315309309057994, 0.9345115089689842, 48.05853949004518, 17.535446531008308, -31.401247891348806, 0.44521950098367996, 44.41134650202495, 17.85791729240367, -27.7095760300433, -0.4554972509929699, 39.81899708469679, 7.261033365416687], "wp_altitude_m": [91.17100524902344, 91.17100524902344, 95.17100524902344, 95.17100524902344, 95.17100524902344, 95.17100524902344, 95.17100524902344, 95.17100524902344, 95.17100524902344, 95.17100524902344, 95.17100524902344, 95.17100524902344, 95.17100524902344, 95.17100524902344, 95.17100524902344, 95.17100524902344, 95.17100524902344, 95.17100524902344, 95.17100524902344, 95.17100524902344, 91.17100524902344, 91.17100524902344], "wp_speed_ms": [0.034334007650613785, 4.006091117858887, 5.01204252243042, 5.051797389984131, 5.024552345275879, 5.020968437194824, 5.02293586730957, 5.030953407287598, 5.026905059814453, 5.020683288574219, 5.012329578399658, 5.01682710647583, 5.0108137130737305, 5.0372419357299805, 5.0315728187561035, 5.03548526763916, 5.029233932495117, 5.017636775970459, 5.010744094848633, 5.0182271003723145, 5.017153739929199, 5.0315423011779785], "wp_yaw_deg": [32.8204231262207, 32.97576141357422, 75.17042541503906, 134.17776489257812, 46.412818908691406, -46.22258377075195, -130.1982879638672, 136.00927734375, 46.838279724121094, -45.956600189208984, -130.10948181152344, 136.32406616210938, 47.420989990234375, -46.278953552246094, -129.454833984375, 136.5497283935547, 48.504703521728516, -46.05257034301758, -128.76856994628906, 136.99075317382812, 49.49859619140625, -45.62904357910156]}}