{"wp": {"wp_x": [-0.09015141396446967, 12.867028975767346, 62.65671817412735, 103.93972759364406, 42.18337692085357, 2.6821902995987803, 62.50664207825887, 100.2821944896759, 42.32406627651534, 6.864906672828984, 62.459727180981524, 96.69030829096877, 42.249057848184535, 10.794409321715767, 62.45970273720178, 93.09842263516404, 42.3897471946313, 14.845829195664585, 62.50657133266443, 88.9719769400962, 42.633601599726354, 8.95627410177671], "wp_y": [-0.8478954434659761, 3.2469001357197818, -42.90992592497911, 1.5572690784271668, 55.64203025474354, 17.36864790213637, -39.29609174843048, 1.0679740579481476, 51.961478776680885, 17.324171928149166, -35.5821814910954, 0.6676369517256543, 47.79166870989673, 17.26857793438517, -31.668120073740404, 0.17834519342642913, 44.144475712683246, 17.591048413911704, -27.97644821561845, -0.7223712727904013, 39.55212627838164, 6.994164895759647], "wp_altitude_m": [92.80004119873047, 92.80004119873047, 96.80004119873047, 96.80004119873047, 96.80004119873047, 96.80004119873047, 96.80004119873047, 96.80004119873047, 96.80004119873047, 96.80004119873047, 96.80004119873047, 96.80004119873047, 96.80004119873047, 96.80004119873047, 96.80004119873047, 96.80004119873047, 96.80004119873047, 96.80004119873047, 96.80004119873047, 96.80004119873047, 92.80004119873047, 92.80004119873047], "wp_speed_ms": [0.057408709079027176, 4.006993770599365, 5.010246276855469, 5.047494411468506, 5.027987003326416, 5.017539978027344, 5.012792587280273, 5.025660991668701, 5.019781112670898, 5.024710655212402, 5.029618263244629, 5.017054557800293, 5.019636154174805, 5.019229888916016, 5.011038780212402, 5.011375427246094, 5.016047954559326, 5.010873794555664, 5.018131732940674, 5.04500675201416, 5.007603168487549, 5.030043601989746], "wp_yaw_deg": [43.08885955810547, 43.44841766357422, 71.91084289550781, 133.50738525390625, 46.10469055175781, -46.2531623840332, -130.53274536132812, 136.11782836914062, 46.76687240600586, -45.8648681640625, -130.12013244628906, 136.28614807128906, 47.80130386352539, -46.12531661987305, -129.79478454589844, 136.40968322753906, 131.20079040527344, -46.06736373901367, -128.8279571533203, 136.66444396972656, 49.02530288696289, -45.49500274658203]}}